"Timestamp","Username","Name","Email","Education","Preferred timings","Questions?","Comments"
"2021/11/08 8:44:38 am GMT","mohanprasanth93@gmail.com","Mohan Prasanth","mohanprasanth93@gmail.com","Working Professional","Evening","",""
"2021/11/08 8:48:41 am GMT","sjpurusothaman@gmail.com","SJ Purusothaman","sjpurusothaman@gmail.com","Working Professional","Morning","When will the class starts?","Waiting!!"
"2021/11/08 9:15:36 am GMT","mohana2121988@gmail.com","N.Mohanambal","mohana2121988@gmail.com","","Evening","",""
"2021/11/08 9:22:57 am GMT","banerjee.prasun.2012@gmail.com","Prasun Banerjee","banerjee.prasun.2012@gmail.com","College Student","Evening","Basics included ?",""
"2021/11/08 9:27:50 am GMT","kishorekumarbe25@gmail.com","KISHORE KUMAR S","kishorekumarbe25@gmail.com","Working Professional","Morning","",""
"2021/11/08 9:45:26 am GMT","sasikala80561@gmail.com","R.Hema sri","sasikala80561@gmail.com","School Student","Evening","Let she  know something about python ","No"
"2021/11/08 10:43:35 am GMT","pkjithu07@gmail.com","Jithin PK","pkjithu07@gmail.com","Working Professional","Evening","Can it be apart from office timings? ","Good decision. Will surely help people like me who don't even know from where to start even resources are available in internet"
"2021/11/08 11:56:35 am GMT","devirajendran156@gmail.com","Devi. R","devirajendran156@gmail.com","Working Professional","Evening","",""
"2021/11/08 12:03:08 pm GMT","vinay.reddy1524@gmail.com","Vinay Reddy","vinayreddy559@gmail.com","Working Professional","Evening","",""
"2021/11/08 12:19:49 pm GMT","itsmedivy8@gmail.com","Divya","itsmedivy8@gmail.com","Working Professional","Evening","",""
"2021/11/08 12:39:09 pm GMT","a.raagav39@gmail.com","Raagavendra Prabu","a.raagav39@gmail.com","Working Professional","Evening","",""
"2021/11/08 12:50:03 pm GMT","mylovelyminions@gmail.com","Kiruba","mylovelyminions@gmail.com","Working Professional","Evening","Why will be the duration of the training?","Appreciate your effort for enriching everyone, that too no cost."
"2021/11/08 1:04:20 pm GMT","anushya0708@gmail.com","Anushya","anushya0708@gmail.com","","Evening","",""